Date,Open,High,Low,Close,Adj Close,Volume
9/24/2013,186.5,188.5,184,184.5,155.911392,8197600
9/25/2013,185,186,182.5,186,157.178894,10218800
9/26/2013,184.5,187,183.5,183.5,155.066315,6296700
9/27/2013,185,185.5,182,182,153.798752,4196000
9/30/2013,179,179,175,175,147.883423,7958800
10/1/2013,176,180.5,175,180,152.108658,8600400
10/2/2013,177,178.5,175,177,149.573517,10702000
10/3/2013,178,181,177.5,180,152.108658,11844200
10/4/2013,178.5,179,175.5,177,149.573517,8595000
10/7/2013,176,177,175,175,147.883423,6627800
10/8/2013,175,177.5,174,177.5,149.996033,8450400
10/9/2013,177.5,179,176.5,178.5,150.841064,5335300
10/10/2013,179,185,178,185,156.333862,12856000
10/11/2013,189,189,186,188,158.869049,12071600
10/14/2013,186,188,183.5,187,158.023972,5606900
10/15/2013,189,190.5,188,190,160.559143,8634700
10/16/2013,189.5,191.5,189.5,190,160.559143,6562800
10/17/2013,190,190.5,187.5,188,158.869049,9208000
10/18/2013,189,192.5,187.5,192.5,162.671738,10570800
10/21/2013,191.5,191.5,183,185.5,156.756439,9831600
10/22/2013,185.5,186.5,183,185,156.333862,10058400
10/24/2013,184.5,186.5,183,186.5,157.601471,8074900
10/25/2013,186,186.5,184,186,157.178894,5604800
10/28/2013,186.5,187.5,184.5,186,157.178894,5346900
10/29/2013,185.5,186.5,184.5,185.5,156.756439,2874500
10/30/2013,185.5,185.5,183,184,155.488831,6186400
10/31/2013,183,190,182.5,190,160.559143,8828100
11/1/2013,187.5,187.5,184,185.5,156.756439,9000400
11/4/2013,184,185.5,180,180,152.108658,6494300
11/5/2013,181.5,186,181.5,184.5,155.911392,6078500
11/6/2013,186,189.5,184,186,157.178894,9072200
11/7/2013,189.5,189.5,185,186,157.178894,10712300
11/8/2013,184.5,186,183.5,184.5,155.911392,5965600
11/11/2013,180,185,180,185,156.333862,6113200
11/12/2013,186.5,187.5,183.5,183.5,155.066315,5631000
11/13/2013,181.5,184,181,181.5,153.37619,7368000
11/14/2013,182,184.5,182,182.5,154.221252,2802800
11/15/2013,183.5,184.5,182,183,154.643784,3768500
11/18/2013,183,184,181.5,182,153.798752,5005400
11/19/2013,181,182,179,180,152.108658,6919200
11/20/2013,181,182.5,177.5,180.5,152.531158,7929100
11/21/2013,178,178.5,172.5,173,146.193329,12432700
11/22/2013,172,174,170,171,144.503189,9990700
11/25/2013,171,174,171,172.5,145.770798,7753400
11/26/2013,171,173,170,171,144.503189,15284400
11/27/2013,170.5,172,170,171,144.503189,10488400
11/28/2013,171,172,168,168,141.968063,10194100
11/29/2013,167,170,165.5,169,142.813126,8168400
12/2/2013,167,168,164,166.5,140.700531,12280800
12/3/2013,166,170.5,165.5,168,141.968063,17011100
12/4/2013,167.5,169,167.5,167.5,141.545563,6243700
12/6/2013,166,167,164,166.5,140.700531,9799700
12/9/2013,168,168.5,166,166,140.277969,7615700
12/11/2013,165.5,168,165.5,167,141.123016,7985700
12/12/2013,167,168.5,166,167,141.123016,6938000
12/13/2013,166.5,168.5,165,167,141.123016,9280000
12/16/2013,166.5,168,165.5,168,141.968063,3692000
12/17/2013,169,169.5,167,168.5,142.390579,5363400
12/18/2013,169.5,172.5,169,171.5,144.925705,8780300
12/19/2013,172.5,173.5,171,171.5,144.925705,4759900
12/20/2013,171,171.5,167,169,142.813126,4710500
12/23/2013,169,169.5,163.5,164.5,139.010422,10166500
12/24/2013,166,167,164.5,165,139.432907,2801200
12/25/2013,165,166.5,165,166,140.277969,1145000
12/26/2013,165.5,166.5,159.5,160,135.207718,9804700
12/27/2013,159.5,160,156,156,131.827499,11569900
1/2/2014,157,160,145.5,145.5,122.954483,17348400
1/3/2014,146.5,152,146.5,151,127.602257,14007700
1/6/2014,151.5,157.5,148.5,157,132.672562,17816000
1/7/2014,158,162,156,162,136.897797,11880600
1/8/2014,162.5,164,160,162,136.897797,16142600
1/9/2014,162,163,160.5,161.5,136.475266,7663000
1/10/2014,158,161.5,157,160,135.207718,11389100
1/13/2014,158.5,164,158,164,138.58786,12876000
1/14/2014,162.5,165,162,164,138.58786,8240000
1/15/2014,163,164,160.5,160.5,135.630203,6343000
1/16/2014,161,166.5,161,166,140.277969,8592600
1/17/2014,167,168,165,168,141.968063,11353500
1/20/2014,166,166.5,165,165.5,139.855453,7905800
1/21/2014,167,170,166,169,142.813126,9703400
1/22/2014,166,172.5,166,170,143.658142,16678500
1/23/2014,170.5,175.5,168.5,175,147.883423,15166700
1/24/2014,175.5,176.5,174,175.5,148.305923,9651900
1/27/2014,171.5,172.5,170.5,171.5,144.925705,10572200
1/28/2014,170,170.5,168.5,169.5,143.235657,11195600
1/29/2014,170,172,168.5,170,143.658142,5839800
1/30/2014,168,171,167.5,171,144.503189,11221000
1/31/2014,170,170.5,169.5,170,143.658142,6517100
2/3/2014,171.5,172,169.5,170.5,144.080688,8878400
2/4/2014,168.5,169,165,166,140.277969,9187700
2/5/2014,167,169,166.5,169,142.813126,7509500
2/6/2014,169,169.5,167.5,168,141.968063,8002000
2/7/2014,169,169,167,167.5,141.545563,5333300
2/10/2014,168,168.5,165.5,165.5,139.855453,7252400
2/11/2014,166.5,167.5,165,166.5,140.700531,8444000
2/12/2014,167,171,166,170,143.658142,9527100
2/13/2014,169.5,170.5,167.5,168,141.968063,4154600
2/17/2014,168,172,167,171,144.503189,11401700
2/18/2014,170.5,170.5,168.5,169,142.813126,6677700
2/19/2014,169.5,170,168,168.5,142.390579,5390100
2/20/2014,167.5,168,164.5,165,139.432907,10522000
2/21/2014,165.5,166.5,165,166,140.277969,3518800
2/24/2014,165,166.5,165,165,139.432907,3753400
2/25/2014,165.5,166.5,165,166,140.277969,3251100
2/26/2014,165.5,167,165.5,166.5,140.700531,4138800
2/27/2014,166.5,170.5,166.5,169.5,143.235657,6196300
2/28/2014,169,170.5,168.5,170.5,144.080688,6103700
3/3/2014,171,174,170.5,172,145.348267,9546700
3/4/2014,173,174.5,172,173,146.193329,7743900
3/5/2014,174.5,176,174,174.5,147.460892,6764700
3/6/2014,175,176,174,175,147.883423,4291900
3/7/2014,175.5,175.5,174,175,147.883423,3634200
3/10/2014,174.5,175,171,172,145.348267,4769900
3/11/2014,173,174.5,172,173,146.193329,4173200
3/12/2014,173,174,172,172,145.348267,4325200
3/13/2014,172.5,173,171.5,172,145.348267,6520700
3/14/2014,171,172,170,172,145.348267,6589400
3/17/2014,172.5,173.5,171,173.5,146.615845,3499600
3/18/2014,173.5,176,173.5,175,147.883423,7067900
3/19/2014,175.5,178.5,175,175.5,148.305923,10995900
3/20/2014,174.5,175,172,173.5,146.615845,8067900
3/21/2014,173,173.5,171,171.5,144.925705,6940300
3/24/2014,170.5,172,169.5,170.5,144.080688,8305600
3/25/2014,170.5,172,169.5,171,144.503189,5626300
3/26/2014,171.5,173.5,171.5,172.5,145.770798,3021400
3/27/2014,172.5,173,171,171,144.503189,2739300
3/28/2014,172,175.5,171.5,174.5,147.460892,11703500
3/31/2014,175.5,178,175,178,150.418579,7857200
4/1/2014,178.5,180.5,178.5,180,152.108658,13138600
4/2/2014,180,184,180,183.5,155.066315,10359200
4/3/2014,183,183.5,181.5,181.5,153.37619,9590300
4/4/2014,182.5,185,181.5,184.5,155.911392,7268000
4/8/2014,185.5,185.5,182,182,153.798752,4829300
4/9/2014,182.5,184.5,182,184.5,155.911392,6680600
4/10/2014,184,185.5,183,185,156.333862,7793200
4/11/2014,182,182,180,181,155.474915,5652200
4/16/2014,181,184,181,183,157.192841,6981500
4/17/2014,183,189,182.5,188,161.487747,8948700
4/18/2014,188,189.5,187,188,161.487747,4566700
4/21/2014,189,192.5,188,190.5,163.635208,6636400
4/22/2014,191,195,189.5,194,166.641632,9146900
4/23/2014,196.5,197,195,196.5,168.789078,8098700
4/24/2014,195.5,195.5,190.5,191.5,164.494171,6386800
4/25/2014,190,191,186.5,186.5,160.199295,5846500
4/28/2014,187.5,191,187,189.5,162.776215,784700
4/29/2014,189,191.5,187.5,191,164.064682,7077400
4/30/2014,191.5,192.5,190,191.5,164.494171,6887900
5/2/2014,192,193.5,192,192,164.923676,7394300
5/6/2014,193.5,194,192,192.5,165.353134,3395200
5/7/2014,190.5,192.5,190,191.5,164.494171,6269600
5/8/2014,191.5,192,186.5,187.5,161.058273,10289300
5/9/2014,187,189,186.5,189,162.34671,6158700
5/12/2014,188.5,189,187,188,161.487747,5332600
5/14/2014,191,192,190,192,164.923676,11890800
5/15/2014,191.5,193,191,193,165.782654,5160900
5/16/2014,192.5,195.5,191.5,195,167.500595,9407700
5/19/2014,195,196,194,195.5,167.930084,3615400
5/20/2014,193,193.5,190.5,191,164.064682,12758000
5/21/2014,190.5,191.5,189.5,190.5,163.635208,8465900
5/22/2014,191.5,193,191.5,192,164.923676,6345200
5/23/2014,187,189,186.5,189,162.34671,16398100
5/26/2014,189,189,183.5,184,158.051834,13922300
5/27/2014,184,188,184,187.5,161.058273,7323600
5/28/2014,188,190,187.5,189.5,162.776215,7795300
5/29/2014,189,190.5,188,188.5,161.917236,7159900
5/30/2014,188.5,190,187,187.5,161.058273,9859900
6/2/2014,189,194,188.5,193.5,166.212128,10468500
6/3/2014,196,200,195.5,199,170.936493,13590500
6/4/2014,199,199.5,195,195.5,167.930084,7393400
6/5/2014,196,197.5,195,197.5,169.648041,5645100
6/6/2014,198.5,199.5,197.5,198,170.07756,6075000
6/9/2014,199,200,198,199.5,171.365967,4459700
6/10/2014,198.5,207,198.5,207,177.808319,9928500
6/11/2014,206,206,203,204,175.231384,4284000
6/12/2014,203,205,200,201,172.654449,3880500
6/13/2014,202,204,200,202,173.513428,4079900
6/16/2014,203,204,201,203,174.372406,3545200
6/17/2014,203,204,199.5,200,171.795486,5059100
6/18/2014,200,201,199,199.5,171.365967,5860000
6/19/2014,200,203,198,202,173.513428,5125300
6/20/2014,202,205,201,204,175.231384,4709500
6/23/2014,204,204,201,202,173.513428,5793400
6/24/2014,202,203,200,202,173.513428,4099000
6/25/2014,202,206,202,204,175.231384,6153000
6/26/2014,204,205,203,205,176.090363,2435200
6/27/2014,204,206,202,204,175.231384,4919700
6/30/2014,203,205,203,204,175.231384,2514300
7/2/2014,207,211,206,210,180.385254,8461000
7/3/2014,210,214,208,212,182.103195,7078100
7/4/2014,212,215,212,212,182.103195,3560800
7/7/2014,212,215,212,215,184.680145,3160600
7/8/2014,214,216,213,216,185.539124,3787800
7/9/2014,214,215,212,212,182.103195,4273800
7/10/2014,214,215,212,213,182.962204,3086000
7/14/2014,214,218,213,217,186.398117,5030800
7/15/2014,217,217,212,214,183.821182,5054500
7/16/2014,214,214,211,212,182.103195,4578800
7/17/2014,212,212,209,212,182.103195,4987400
7/18/2014,211,216,211,216,185.539124,3507400
7/21/2014,217,217,214,216,185.539124,2148600
7/22/2014,218,218,212,214,183.821182,5054800
7/23/2014,215,216,213,215,184.680145,3005800
7/24/2014,215,216,214,215,184.680145,1504100
7/25/2014,215,215,210,211,181.244263,2756400
7/28/2014,211,212,209,210,180.385254,2520000
7/29/2014,210,211,201,203,174.372406,9522600
7/30/2014,205,209,202,207,177.808319,11676300
7/31/2014,206,213,206,209,179.526276,6091900
8/1/2014,208,213,207,211,181.244263,5964000
8/4/2014,213,215,212,214,183.821182,3375400
8/5/2014,214,217,213,215,184.680145,4160000
8/6/2014,214,217,213,215,184.680145,3129400
8/7/2014,217,220,216,218,187.25708,7638100
8/8/2014,218,220,215,218,187.25708,7173900
8/13/2014,221,227,220,226,194.128876,7852400
8/14/2014,226,229,225,228,195.846863,5693900
8/15/2014,228,228,224,226,194.128876,420200
8/18/2014,227,228,222,224,192.41095,2943700
8/19/2014,225,225,221,223,191.551971,4338400
8/20/2014,223,226,223,225,193.269897,4122700
8/21/2014,224,225,222,222,190.692993,2620300
8/22/2014,222,225,222,222,190.692993,4711600
8/25/2014,225,225,223,223,191.551971,2800700
8/26/2014,224,224,222,222,190.692993,2000800
8/27/2014,224,226,223,226,194.128876,3136600
8/28/2014,227,227,224,225,193.269897,2823300
8/29/2014,225,227,224,225,193.269897,3269100
9/1/2014,226,227,225,227,194.987839,2073000
9/2/2014,226,229,226,228,195.846863,3349400
9/3/2014,229,230,226,230,197.564835,3527900
9/4/2014,230,236,229,236,202.718689,6367900
9/5/2014,237,240,234,240,206.154556,4904100
9/8/2014,240,242,237,242,207.872513,4016800
9/9/2014,240,241,235,236,203.138397,2806400
9/10/2014,234,235,232,234,201.416885,4445700
9/11/2014,230,232,228,228,196.252335,6596400
9/12/2014,228,228,222,227,195.391556,7094600
9/15/2014,225,228,224,228,196.252335,4596500
9/16/2014,228,228,224,224,192.809311,3393700
9/17/2014,224,228,224,228,196.252335,3449700
9/18/2014,231,235,231,235,202.277649,6264900
9/19/2014,235,237,234,235,202.277649,4629400
9/22/2014,235,235,233,234,201.416885,1542900
9/23/2014,235,237,231,232,199.695358,4073400
9/24/2014,232,234,231,233,200.556107,3785400
9/25/2014,235,236,233,234,201.416885,5255700
9/26/2014,234,237,232,236,203.138397,2977400
9/29/2014,235,237,228,234,201.416885,3813800
9/30/2014,234,236,232,235,202.277649,3833600
10/1/2014,236,238,235,235,202.277649,2802000
10/2/2014,234,236,231,236,203.138397,6159400
10/3/2014,234,235,228,229,197.113113,6896800
10/6/2014,228,229,220,220,189.366287,8861100
10/7/2014,223,227,222,223,191.948547,7217800
10/8/2014,220,228,220,225,193.670044,5692500
10/9/2014,227,230,226,230,197.973877,3614500
10/10/2014,226,229,225,228,196.252335,3487000
10/13/2014,226,226,223,224,192.809311,5230700
10/14/2014,224,226,222,224,192.809311,5610500
10/15/2014,226,229,224,224,192.809311,4493100
10/16/2014,222,225,222,222,191.087799,2542200
10/17/2014,222,226,222,223,191.948547,5302800
10/20/2014,228,232,226,231,198.834595,6881700
10/21/2014,234,236,232,232,199.695358,6928500
10/22/2014,236,236,228,232,199.695358,5629500
10/24/2014,237,238,232,235,202.277649,6690600
10/27/2014,236,237,233,237,203.99913,3002300
10/28/2014,237,238,235,238,204.859879,2004900
10/29/2014,238,239,235,238,204.859879,603900
10/30/2014,238,239,233,233,200.556107,3907500
10/31/2014,234,236,232,236,203.138397,3555100
11/3/2014,237,238,231,232,199.695358,6133900
11/4/2014,233,234,230,233,200.556107,2933300
11/5/2014,233,235,231,233,200.556107,4634100
11/6/2014,233,234,232,234,201.416885,3550500
11/7/2014,235,237,234,235,202.277649,3792700
11/10/2014,237,238,236,236,203.138397,3963300
11/11/2014,236,240,236,237,203.99913,5389800
11/12/2014,240,241,237,237,203.99913,3823900
11/13/2014,237,238,236,238,204.859879,2991100
11/14/2014,238,239,237,237,203.99913,2362500
11/17/2014,237,239,236,238,204.859879,2486000
11/18/2014,238,240,237,239,205.720642,2905200
11/19/2014,241,245,241,244,210.024414,4344000
11/20/2014,243,245,242,243,209.163681,3392000
11/21/2014,243,252,243,250,215.18898,6335700
11/24/2014,251,252,249,249,214.328232,3079900
11/25/2014,249,249,246,249,214.328232,3485400
11/26/2014,248,248,245,246,211.745911,3274500
11/27/2014,246,249,245,249,214.328232,3486100
11/28/2014,248,249,246,247,212.606705,2589300
12/1/2014,246,250,246,249,214.328232,4069100
12/2/2014,247,249,246,247,212.606705,3248800
12/3/2014,247,248,241,241,207.442154,5456800
12/4/2014,240,242,237,242,208.302902,6645100
12/8/2014,241,246,237,239,205.720642,7404600
12/9/2014,240,245,240,242,208.302902,6314100
12/11/2014,238,239,235,236,203.138397,10982900
12/12/2014,237,240,235,236,203.138397,4466100
12/15/2014,233,238,221,238,204.859879,19007300
12/16/2014,229,231,226,228,196.252335,20760800
12/17/2014,226,228,224,226,194.530807,16803800
12/18/2014,231,233,230,233,200.556107,9403200
12/19/2014,236,236,230,232,199.695358,6690400
12/22/2014,233,234,231,233,200.556107,3138800
12/23/2014,233,236,233,234,201.416885,4379600
12/24/2014,234,235,230,231,198.834595,3903800
12/25/2014,230,230,228,229,197.113113,1657800
12/26/2014,229,232,227,230,197.973877,2585600
12/29/2014,231,233,228,229,197.113113,3758200
12/30/2014,228,230,226,229,197.113113,3478300
1/5/2015,226,227,220,220,189.366287,8257400
1/6/2015,214,215,205,214,184.201767,14103900
1/7/2015,215,219,214,218,187.644775,8669900
1/8/2015,223,228,222,228,196.252335,8947000
1/9/2015,230,231,227,229,197.113113,6858000
1/12/2015,227,229,225,227,195.391556,3171300
1/13/2015,224,227,224,226,194.530807,6364100
1/14/2015,226,228,223,224,192.809311,7296200
1/15/2015,226,229,224,226,194.530807,6941600
1/16/2015,225,228,223,225,193.670044,8303000
1/19/2015,225,226,222,224,192.809311,6662800
1/20/2015,224,226,222,222,191.087799,5589800
1/21/2015,222,223,220,222,191.087799,5924400
1/22/2015,225,228,222,228,196.252335,8420300
1/23/2015,232,235,231,235,202.277649,12648100
1/26/2015,233,234,231,232,199.695358,9320000
1/27/2015,232,233,231,232,199.695358,7363900
1/28/2015,231,232,229,232,199.695358,7670700
1/29/2015,231,232,226,226,194.530807,7761100
1/30/2015,223,225,221,222,191.087799,10344000
2/2/2015,219,222,219,221,190.227036,5663000
2/3/2015,222,228,222,226,194.530807,6662500
2/4/2015,229,229,224,224,192.809311,6389400
2/5/2015,223,227,223,227,195.391556,4397600
2/6/2015,227,228,224,225,193.670044,3118100
2/9/2015,225,226,222,222,191.087799,4446800
2/10/2015,222,225,222,223,191.948547,3403900
2/11/2015,224,228,223,227,195.391556,4229000
2/12/2015,228,228,223,225,193.670044,5629200
2/13/2015,225,226,223,225,193.670044,3294700
2/16/2015,224,226,223,224,192.809311,2545900
2/17/2015,223,224,220,221,190.227036,3923900
2/18/2015,221,223,220,222,191.087799,3023800
2/19/2015,223,223,221,222,191.087799,1501400
2/20/2015,222,222,220,220,189.366287,3012700
2/23/2015,220,221,215,217,186.784042,5577200
2/24/2015,219,223,218,221,190.227036,5925300
2/25/2015,222,223,218,219,188.505524,4325800
2/26/2015,219,220,215,216,185.923264,6595500
2/27/2015,216,218,216,217,186.784042,5483000
3/2/2015,217,218,216,218,187.644775,3929400
3/3/2015,220,225,220,223,191.948547,9276200
3/5/2015,228,228,225,228,196.252335,10042300
3/6/2015,228,229,226,229,197.113113,4733700
3/9/2015,227,229,226,228,196.252335,2652300
3/10/2015,229,229,224,224,192.809311,5873200
3/11/2015,224,229,223,227,195.391556,6686400
3/12/2015,227,228,225,225,193.670044,3638900
3/13/2015,225,227,223,224,192.809311,3749900
3/16/2015,223,225,220,221,190.227036,4328600
3/17/2015,223,224,220,221,190.227036,2863700
3/18/2015,222,228,221,226,194.530807,4597600
3/19/2015,228,231,226,230,197.973877,8605100
3/20/2015,230,231,227,228,196.252335,5226100
3/23/2015,230,230,225,227,195.391556,3796100
3/24/2015,226,227,223,225,193.670044,6624600
3/25/2015,225,228,225,226,194.530807,5065200
3/26/2015,224,227,222,224,192.809311,4982300
3/27/2015,225,229,224,226,194.530807,3994500
3/30/2015,229,230,227,227,195.391556,5097200
3/31/2015,229,230,226,229,197.113113,4350900
4/1/2015,229,230,227,230,197.973877,1897900
4/2/2015,230,232,228,231,198.834595,4403800
4/3/2015,231,233,230,231,198.834595,2046400
4/7/2015,232,235,231,233,200.556107,3667100
4/8/2015,233,236,232,234,201.416885,5491700
4/9/2015,232,234,231,233,203.601425,4218200
4/10/2015,234,234,230,234,204.475296,4688300
4/16/2015,231,235,227,234,204.475296,6878000
4/17/2015,234,236,232,234,204.475296,7265200
4/20/2015,234,234,229,233,203.601425,8808000
4/21/2015,233,234,229,232,202.727615,7470900
4/22/2015,232,232,225,226,197.484634,9854600
4/23/2015,225,225,220,221,193.115524,12664100
4/24/2015,221,224,221,223,194.863144,6960100
4/27/2015,221,223,216,216,188.746384,12100500
4/28/2015,214,216,210,210,183.503433,18252900
4/29/2015,208,214,208,210,183.503433,9083700
4/30/2015,209,210,207,210,183.503433,5999800
5/4/2015,210,210,210,210,183.503433,0
5/6/2015,210,210,200,201,175.639008,15561200
5/7/2015,201,206,201,202,176.512817,9146700
5/8/2015,203,209,202,208,181.755783,10202100
5/11/2015,210,213,209,211,184.377289,10363900
5/12/2015,210,211,207,208,181.755783,8953800
5/13/2015,208,211,208,208,181.755783,3376900
5/14/2015,210,210,206,207,180.881958,4533600
5/15/2015,207,209,205,208,181.755783,3901300
5/18/2015,208,208,205,206,180.008102,6037400
5/19/2015,206,208,205,208,181.755783,5639900
5/20/2015,207,209,201,201,175.639008,11485200
5/21/2015,202,203,199,199.5,174.328247,10995000
5/22/2015,200,202,200,200,174.765182,5576200
5/25/2015,200,201,199,199.5,174.328247,2688200
5/26/2015,200,200,197,199.5,174.328247,6819100
5/27/2015,197,198.5,196.5,197.5,172.580597,7298200
5/28/2015,197.5,197.5,196,196,171.269852,5884800
5/29/2015,196.5,196.5,195,195,170.396057,7577300
6/2/2015,193.5,194,190.5,192.5,168.211472,8306100
6/3/2015,193.5,196,193,195,170.396057,8444400
6/4/2015,195.5,201,194,199,173.891342,7684600
6/5/2015,200,204,199.5,203,177.386627,4983800
6/8/2015,203,203,200,202,176.512817,4228500
6/9/2015,201,202,200,200,174.765182,4687700
6/10/2015,200,203,200,200,174.765182,4347200
6/11/2015,202,205,202,205,179.134308,4877300
6/12/2015,205,205,203,204,178.260483,2998200
6/15/2015,204,204,200,200,174.765182,2908400
6/16/2015,200,202,199,200,174.765182,4794600
6/17/2015,200,201,199,199,173.891342,5264300
6/18/2015,199,201,199,200,174.765182,7067900
6/19/2015,200,201,197,197,172.143723,3898600
6/22/2015,199,202,198.5,200,174.765182,3186000
6/23/2015,201,202,197.5,199.5,174.328247,10660300
6/24/2015,199,201,198.5,199,173.891342,4134300
6/25/2015,199.5,199.5,198,198.5,173.454437,6245300
6/26/2015,199,202,198.5,200,174.765182,7303500
6/29/2015,199,199,195,195.5,170.832947,10368700
6/30/2015,195.5,196,189,189,165.153076,21352100
7/2/2015,184,184,179,179,156.414856,38836000
7/3/2015,178.5,183,178.5,180.5,157.725571,18331100
7/6/2015,178,179.5,178,179,156.414856,9556700
7/7/2015,180,183,179.5,182,159.036301,10646200
7/8/2015,180,182.5,179,181.5,158.59938,10140700
7/9/2015,182,183.5,180.5,183,159.910126,8197300
7/10/2015,186,188,185.5,187,163.405441,9294600
7/13/2015,188,192.5,187,191.5,167.337646,12598700
7/14/2015,191,191.5,188.5,189.5,165.589981,6219000
7/15/2015,188,190,187.5,190,166.026917,3411100
7/16/2015,190,190,187,189,165.153076,5256900
7/17/2015,189,190.5,188,189,165.153076,3501800
7/20/2015,190.5,191,187.5,188,164.279266,7252600
7/21/2015,187,187,181,181.5,158.59938,12925900
7/22/2015,180.5,183.5,180.5,182,159.036301,9528000
7/23/2015,182.5,183.5,180.5,181,158.162491,7468900
7/24/2015,181,181,179,179.5,156.851746,5507400
7/27/2015,178.5,179,176,176,153.793365,11378300
7/28/2015,175,176.5,172.5,173.5,151.608795,11430900
7/29/2015,174.5,175.5,170,172,150.298035,15236000
7/31/2015,173.5,178,173,178,155.541031,8878600
8/3/2015,177.5,182,176.5,181.5,158.59938,6985700
8/4/2015,181,181,179,180,157.288666,7999000
8/5/2015,180,181,177,177.5,155.104095,8515700
8/6/2015,177.5,178,175.5,176,153.793365,4398800
8/7/2015,175.5,177,175,176.5,154.230255,2794600
8/10/2015,175.5,178,175.5,177,154.667191,3276200
8/11/2015,177,177,174.5,174.5,152.48262,4584100
8/13/2015,172,172,168,171,149.424225,16731800
8/14/2015,170.5,174.5,169,173,151.171875,7533100
8/17/2015,172.5,175,172,173.5,151.608795,5031100
8/18/2015,169,173,169,171,149.424225,15510400
8/19/2015,172,174,171,173.5,151.608795,9066900
8/20/2015,172,173.5,171.5,173.5,151.608795,6899700
8/21/2015,172.5,173,171,172.5,150.734985,5865900
8/24/2015,169,169.5,163.5,163.5,142.870529,14957100
8/25/2015,167,169,165.5,167.5,146.36586,13294800
8/26/2015,165.5,174,165.5,172.5,150.734985,10435900
8/27/2015,176,180,175,180,157.288666,11275700
8/28/2015,183,183.5,177,178,155.541031,11195000
8/31/2015,178,181,176.5,180.5,157.725571,4791700
9/1/2015,180,180.5,178,179,156.414856,5410000
9/2/2015,177.5,181,176.5,181,158.162491,5384500
9/3/2015,181,182.5,180.5,181.5,158.59938,5046300
9/4/2015,181,182,179.5,181,158.162491,4478000
9/7/2015,180.5,181,178,178.5,155.977905,4374900
9/8/2015,178.5,180,176.5,179,156.854233,5099800
9/9/2015,181,184.5,180.5,184,161.235596,7953500
9/10/2015,182,184.5,182,184.5,161.673752,7167200
9/11/2015,185,185,180,180,157.730499,4678100
9/14/2015,180.5,181,178,180,157.730499,4044600
9/15/2015,180,180.5,178,178.5,156.416046,4105100
9/16/2015,180,180,178,179,156.854233,3605000
9/17/2015,179,181.5,178,180.5,158.16861,5692400
9/18/2015,181,183.5,181,182.5,159.921173,6885300
9/21/2015,182.5,184,182,184,161.235596,3686900
9/22/2015,185,185,183.5,183.5,160.797485,4488200
9/23/2015,182.5,184.5,180,182.5,159.921173,4928600
9/24/2015,181.5,182.5,180.5,181,158.606766,2956600
9/25/2015,181,184,179.5,182,159.483032,5259300
9/28/2015,180,181,176.5,177.5,155.539764,6747400
9/29/2015,175,177,175,175,153.349075,7509600
9/30/2015,175.5,176.5,171,171,149.843948,14331700
10/1/2015,172.5,173.5,168,168,147.215118,9277300
10/2/2015,168.5,170.5,167.5,169,148.0914,7692400
10/5/2015,170,173,169.5,171,149.843948,8330300
10/6/2015,172,174,171,174,152.472794,9186900
10/7/2015,175,177.5,174.5,177.5,155.539764,7560600
10/8/2015,177.5,179.5,177.5,178.5,156.416046,8396100
10/9/2015,179.5,185,179,184.5,161.673752,15019300
10/12/2015,185,185,182,184,161.235596,9804600
10/13/2015,184,185,182.5,185,162.111877,5502200
10/14/2015,184.5,185,183,183,160.359314,3719000
10/15/2015,184.5,189,184,189,165.617004,12137600
10/16/2015,189,189.5,187,188,164.740707,6237400
10/19/2015,189,190.5,186.5,189.5,166.055145,5049800
10/20/2015,188,190,187.5,187.5,164.302597,3138600
10/21/2015,185.5,186,183.5,185,162.111877,6435800
10/22/2015,184.5,186,184.5,185.5,162.550034,4182200
10/26/2015,186.5,187,181,181.5,159.044891,16713400
10/27/2015,180.5,181,179,179,156.854233,11576200
10/28/2015,178,180,176,176,154.225357,7925100
10/29/2015,176,176,172,172.5,151.158401,11801300
10/30/2015,173,174,172,172.5,151.158401,9070000
11/2/2015,173,178,172.5,178,155.977936,8746000
11/3/2015,179,179,176,177,155.101639,6182500
11/4/2015,178,178.5,176,177.5,155.539764,4880900
11/5/2015,177,179,176.5,177,155.101639,4883200
11/6/2015,177.5,177.5,176,177,155.101639,3128700
11/9/2015,177,177.5,175,176.5,154.663498,2957000
11/10/2015,175.5,175.5,174.5,175,153.349075,3730000
11/11/2015,175,175,173,173.5,152.034668,3368000
11/12/2015,173,178,173,177.5,155.539764,5241100
11/13/2015,176.5,177,174.5,175,153.349075,5208300
11/16/2015,173,174.5,172,174,152.472794,9128900
11/17/2015,175,175,172.5,172.5,151.158401,4791300
11/18/2015,172.5,174,172,172.5,151.158401,3514000
11/19/2015,172.5,173,168,168.5,147.653259,15282900
11/20/2015,169,170.5,168,170,148.967651,4306400
11/23/2015,170,171.5,168.5,170,148.967651,5245900
11/24/2015,169.5,172.5,169,169,148.0914,6137900
11/25/2015,169.5,171.5,169,170,148.967651,4689300
11/26/2015,170,170.5,168.5,168.5,147.653259,4980900
11/27/2015,168.5,169.5,168,168,147.215118,2218200
11/30/2015,167,171,165.5,171,149.843948,17443800
12/1/2015,170,171,169,169,148.0914,3525800
12/2/2015,169,171,166,167,146.338821,9278900
12/3/2015,166,168.5,166,167,146.338821,6771300
12/4/2015,167,168,166,166,145.46257,4011600
12/8/2015,165,165.5,160.5,160.5,140.643021,10211900
12/9/2015,161,161.5,157,157.5,138.01416,12698400
12/11/2015,157,157.5,153,153.5,134.509079,8366300
12/14/2015,150.5,153,149,152,133.194611,12569100
12/15/2015,152.5,154.5,150.5,154.5,135.385361,14361600
12/16/2015,155.5,157,153.5,154,134.947174,12444900
12/17/2015,154,155,153,153,134.070908,20873300
12/18/2015,152,152.5,149.5,150.5,131.880203,16810300
12/21/2015,149,152.5,149,151.5,132.7565,10407500
12/22/2015,152,153,147,147,128.813217,11110600
12/23/2015,148,151,148,151,132.318344,6596000
12/24/2015,152.5,153,151,151.5,132.7565,4410000
12/25/2015,151.5,152,150,150.5,131.880203,2394400
12/28/2015,151,153.5,151,152.5,133.632751,4259700
12/29/2015,152,152,151,151,132.318344,2843000
12/30/2015,152,152.5,150.5,150.5,131.880203,4407600
1/4/2016,150,150,146,147.5,129.251404,8013300
1/5/2016,147.5,148,145,146,127.936928,8045800
1/6/2016,146,149,145.5,148,129.689514,5617300
1/7/2016,145.5,146.5,144,144,126.184387,8933200
1/8/2016,145,147,145,146.5,128.375076,6479200
1/11/2016,145,147.5,144,147.5,129.251404,8982300
1/12/2016,148.5,155,148.5,154.5,135.385361,14703900
1/13/2016,158,163,157,163,142.83371,22676000
1/14/2016,160.5,162.5,159.5,159.5,139.766724,12312900
1/15/2016,160,160.5,153,154,134.947174,13433100
1/18/2016,151.5,153,150,152.5,133.632751,12314700
1/19/2016,153,162.5,152.5,160,140.204865,14450100
1/20/2016,158,160.5,157,160,140.204865,11834100
1/21/2016,161,165,159,162.5,142.395584,15629400
1/22/2016,161,165,160,163,142.83371,12073700
1/25/2016,164,164,157,157.5,138.01416,11331500
1/26/2016,157.5,159,156.5,158,138.452332,6114700
1/27/2016,160,162.5,160,161.5,141.519287,7883000
1/28/2016,162,164.5,161.5,164.5,144.148132,6125600
1/29/2016,164.5,169.5,163.5,169.5,148.529556,10663800
2/1/2016,169,169.5,167.5,168,147.215118,7331700
2/2/2016,168,168.5,165,165,144.586273,5952100
2/3/2016,162.5,164,160.5,164,143.709991,8862800
2/4/2016,164.5,165.5,163,165,144.586273,7634300
2/5/2016,167,169.5,166,169,148.0914,9301300
2/8/2016,169.5,170.5,168,169,148.0914,5375100
2/9/2016,166.5,166.5,163.5,165.5,145.024414,6494100
2/10/2016,165,166.5,164,166.5,145.900711,9087800
2/11/2016,165.5,168.5,163,163.5,143.271835,10855300
2/12/2016,163,163.5,160,161,141.081161,14019300
2/15/2016,163,164,161,163,142.83371,5603400
2/16/2016,164.5,165.5,162.5,163.5,143.271835,8258900
2/17/2016,162.5,163,159,162,141.957458,12509800
2/18/2016,163,164.5,162,164.5,144.148132,7436400
2/19/2016,164.5,169,163.5,168.5,147.653259,10035300
2/23/2016,168.5,171.5,167.5,171.5,150.282074,12750600
2/24/2016,170.5,173.5,170,173,151.596512,9617700
2/25/2016,173.5,173.5,171,171.5,150.282074,8136700
2/26/2016,172.5,173,171.5,173,151.596512,5552800
2/29/2016,173,173,170.5,170.5,149.405807,3832600
3/1/2016,171.5,173,170,172.5,151.158401,2983100
3/2/2016,173,177.5,172.5,177,155.101639,12331500
3/3/2016,178,179.5,176.5,178,155.977936,9535700
3/4/2016,179,183,178,181,158.606766,15959200
3/7/2016,182.5,183.5,181.5,182.5,159.921173,5974400
3/8/2016,181.5,185,181.5,182.5,159.921173,10018800
3/9/2016,179.5,181.5,178.5,181.5,159.044891,12192900
3/10/2016,181.5,182,177,177.5,155.539764,5746800
3/11/2016,178.5,181,178,180.5,158.16861,5841700
3/14/2016,183,185,182.5,184.5,161.673752,7212100
3/15/2016,183.5,184.5,180.5,182,159.483032,5664800
3/16/2016,181,181.5,172.5,173,151.596512,25447000
3/17/2016,174.5,175,171,171.5,150.282074,12943000
3/18/2016,172.5,174,171,173.5,152.034668,9328100
3/21/2016,174,175,173,175,153.349075,3947000
3/22/2016,175.5,176,173.5,174.5,152.910934,5452700
3/23/2016,175,178,174,178,155.977936,11962200
3/24/2016,178,178.5,174.5,175.5,153.787231,7151300
3/25/2016,175.5,176,173.5,173.5,152.034668,3421300
3/28/2016,173.5,173.5,168.5,169,148.0914,11412500
3/29/2016,167.5,169,164,169,148.0914,18989200
3/30/2016,170,175,170,173,151.596512,16043700
3/31/2016,173,174,171.5,173,151.596512,8088000
4/1/2016,171.5,172,168,169,148.0914,12564000
4/4/2016,169.5,170,168,168,147.215118,7583000
4/5/2016,162.5,163,160,160,143.187943,12551100
4/7/2016,160,160.5,155.5,156.5,140.055725,13492500
4/8/2016,157,159,154,158,141.398102,19180200
4/11/2016,160,160.5,159,159.5,142.740479,5588900
4/12/2016,160,160.5,157.5,159.5,142.740479,5623900
4/18/2016,160,162.5,159.5,162.5,145.425262,12079600
4/19/2016,163,165,161,162,144.977798,10811000
4/20/2016,162,162,158.5,161,144.08287,7918100
4/21/2016,163.5,166.5,163,166,148.55751,19797000
4/22/2016,165,165.5,162,162,144.977798,8637800
4/25/2016,162.5,164,161,162,144.977798,4746300
4/26/2016,162.5,165,161.5,163.5,146.320175,6736600
4/27/2016,164,164,161.5,162,144.977798,5530800
4/28/2016,164,164,162,162,144.977798,7760600
4/29/2016,162.5,166,162,166,148.55751,7848200
5/3/2016,166.5,167,164.5,165,147.662552,5500600
5/4/2016,165,165.5,163,163,145.872742,3111300
5/9/2016,162.5,163.5,161.5,163,145.872742,4602500
5/10/2016,162,162,159.5,161,144.08287,8663800
5/11/2016,160.5,161,158,158,141.398102,13680400
5/12/2016,157.5,159.5,157.5,159.5,142.740479,6796300
5/13/2016,159,162,159,159,142.29303,5344400
5/16/2016,161,161.5,158.5,160,143.187943,5361400
5/17/2016,161,164,161,163.5,146.320175,6656100
5/18/2016,163.5,163.5,162,162,144.977798,3029500
5/19/2016,162,163,159,159,142.29303,6536700
5/23/2016,160,162,160,161.5,144.530365,5935000
5/24/2016,162,162.5,160.5,161.5,144.530365,2375600
5/25/2016,163.5,165,163.5,164,146.767639,11322000
5/26/2016,164.5,166,164.5,166,148.55751,4823200
5/27/2016,165.5,168,164.5,168,150.347351,4578300
5/30/2016,170,173,169.5,173,154.82196,10730100
5/31/2016,173.5,174.5,173,174,155.716888,10394900
6/1/2016,174,175,172,173,154.82196,6660800
6/2/2016,173,174.5,171.5,173,154.82196,4096600
6/3/2016,174.5,176,174,175.5,157.059265,4513800
6/6/2016,176.5,177.5,175.5,176,157.506744,4156300
6/7/2016,178,179,176.5,176.5,157.954193,5833700
6/8/2016,176.5,176.5,172.5,173.5,155.26944,6310400
6/9/2016,175,175,170.5,170.5,152.584656,5002300
6/10/2016,169.5,171.5,169.5,169.5,151.689743,4438700
6/13/2016,167.5,167.5,165,165.5,148.110046,8461900
6/14/2016,165.5,167.5,165.5,167,149.452423,5119800
6/15/2016,167.5,168,166,167.5,149.899887,4744900
6/16/2016,166.5,166.5,162,162.5,145.425262,8464100
6/17/2016,163,163.5,161.5,163,145.872742,4969400
6/20/2016,162,162.5,160,161,144.08287,10335800
6/21/2016,161,164,161,164,146.767639,5119600
6/22/2016,166,166,163.5,164,146.767639,5629700
6/23/2016,164,169,163.5,169,151.242264,7152400
6/24/2016,163.5,166,162,166,148.55751,19123900
6/27/2016,165,169.5,164.5,167,149.452423,7879600
6/28/2016,167.5,169.5,167,169.5,151.689743,6994200
6/29/2016,171.5,174.5,170.5,174.5,156.164352,15251900
6/30/2016,175.5,175.5,169,170,152.137177,11933200
7/4/2016,174,178,173.5,177.5,158.849136,20867300
7/5/2016,177,180,176.5,179.5,160.638992,11868100
7/6/2016,177.5,178.5,176.5,177.5,158.849136,5990900
7/7/2016,178.5,179.5,177,177,158.401657,4278600
7/8/2016,176,176.5,171.5,175,156.611832,8765500
7/11/2016,177.5,179,177.5,178.5,159.744034,6120500
7/12/2016,180.5,181,177,178.5,159.744034,8407700
7/13/2016,178.5,179,176,177,158.401657,7447000
7/14/2016,177.5,179,176,178.5,159.744034,6160600
7/15/2016,179,180.5,178.5,180,161.086426,10764400
7/20/2016,181.5,182.5,181,182,162.876282,10400500
7/21/2016,182,182.5,181,182,162.876282,5709600
7/22/2016,180,180,177.5,179,160.191544,8100800
7/25/2016,179,181,177.5,181,161.981369,6033500
7/26/2016,181,182,179.5,179.5,160.638992,9474600
7/27/2016,181,184,180.5,184,164.666138,8200800
7/28/2016,185.5,195,184,195,174.510315,26250800
7/29/2016,195,199,193.5,197.5,176.747635,16843900
8/1/2016,197.5,201,193,195,174.510315,13880300
8/2/2016,193,194,190.5,191,170.930618,8124300
8/3/2016,190,194,189.5,193,172.720474,10798500
8/4/2016,192.5,192.5,189,189,169.140762,6512000
8/5/2016,189,191,188,190.5,170.483185,9327300
8/8/2016,196.5,201,196,200,178.984955,27159600
8/9/2016,200,203,196.5,201,179.879868,15478700
8/10/2016,201,203,198,200,178.984955,10181700
8/11/2016,199.5,202,199,199.5,178.537491,12079100
8/15/2016,198.5,202,198.5,200,178.984955,10077000
8/16/2016,201,202,197,197.5,176.747635,8533200
8/17/2016,196.5,197,193.5,194.5,174.062866,12351700
8/18/2016,195.5,198.5,195,197,176.300171,12033100
8/19/2016,197,197,194.5,195,174.510315,6655600
8/22/2016,195,197,192.5,197,176.300171,8411300
8/23/2016,195,197,195,196,175.405243,8932800
8/24/2016,195.5,199.5,194,198,177.195099,13160600
8/25/2016,199,200,195,195,174.510315,9656200
8/26/2016,195,199,195,198,177.195099,6792400
8/29/2016,198.5,198.5,196,197.5,176.747635,5833100
8/30/2016,198.5,198.5,197,198,177.195099,5256000
8/31/2016,197.5,198.5,196.5,197.5,176.747635,6002600
9/1/2016,199,199.5,197.5,199,178.090012,13022500
9/2/2016,198.5,199,192.5,193,172.720474,15138500
9/5/2016,194.5,195,188,189,169.140762,11942700
9/6/2016,188.5,190.5,188,189,169.589417,6621200
9/7/2016,190,192.5,189,190,170.48671,10314600
9/8/2016,190.5,191,187,188,168.692123,13138600
9/9/2016,188,188.5,184.5,185.5,166.448868,9244400
9/12/2016,183.5,186.5,180,180,161.513702,14710200
9/13/2016,183.5,187.5,182.5,186,166.897522,14602200
9/14/2016,185.5,189,185,189,169.589417,9436800
9/15/2016,190,190,187,188,168.692123,7903300
9/16/2016,189.5,189.5,186,187.5,168.243484,27450100
9/19/2016,189,190,186.5,188,168.692123,6231900
9/20/2016,186.5,186.5,185,185.5,166.448868,5867200
9/21/2016,186,190,186,188.5,169.140762,7576000
9/22/2016,191.5,192,190.5,191,171.384018,9431300
9/23/2016,191,191,186.5,187.5,168.243484,6788600
9/26/2016,185.5,189.5,185.5,189,169.589417,5596400
9/27/2016,190,190,187.5,188,168.692123,5523200
9/28/2016,187.5,188,185.5,186.5,167.346161,4510800
9/29/2016,188,190,187.5,189,169.589417,6936300
9/30/2016,187,189,186.5,187.5,168.243484,5620200
10/3/2016,190,190,187.5,188,168.692123,4811600
10/4/2016,189,197,188.5,195,174.973206,16700200
10/5/2016,195,195,192.5,193,173.178619,10160900
10/6/2016,194,196,193,194,174.075928,7145900
10/7/2016,193.5,193.5,191,192,172.281326,5388000
10/10/2016,186.5,189,184,185.5,166.448868,12464500
10/11/2016,186.5,187.5,182.5,185,166.000214,9942200
10/12/2016,183,183,169,182,163.308319,26858600
10/13/2016,180,187,177,187,167.79483,20115600
10/14/2016,195,196,187,189.5,170.038071,31424700
10/17/2016,181,182,178.5,179.5,161.065079,42674000
10/18/2016,179.5,179.5,176,176,157.92453,20318100
10/19/2016,175,177.5,175,176.5,158.373169,21456400
10/20/2016,177,179.5,176,178.5,160.16777,15270800
10/21/2016,178,178.5,176.5,176.5,158.373169,8828200
10/25/2016,176.5,177,173.5,175,157.027237,13768300
10/26/2016,174.5,175,172,172,154.335342,11704700
10/27/2016,172,174,171.5,173,155.232635,10887200
10/28/2016,173,173.5,171,172,154.335342,7209800
10/31/2016,172,173.5,171.5,172,154.335342,8448900
11/1/2016,172.5,173,170,170.5,152.98938,11327300
11/2/2016,170,170.5,169,170,152.540726,10809900
11/3/2016,169.5,170,167,167,149.848846,9744200
11/4/2016,166,167.5,165.5,166.5,149.400208,10122000
11/7/2016,168,171,168,170,152.540726,12617400
11/8/2016,170.5,171.5,169,171.5,153.886658,10634300
11/9/2016,169,170.5,167.5,170.5,152.98938,13719900
11/10/2016,171.5,174,171,172,154.335342,10261000
11/11/2016,170,170,168.5,169.5,152.092102,7878000
11/14/2016,167,168,165.5,168,150.746155,7921200
11/15/2016,168,169,166,168,150.746155,7846900
11/16/2016,168,168.5,166.5,166.5,149.400208,5988000
11/17/2016,167,170,167,170,152.540726,6318000
11/18/2016,169.5,171.5,169,170,152.540726,7111700
11/21/2016,170,171,169.5,170,152.540726,3027300
11/22/2016,171,171.5,170,170,152.540726,2042800
11/23/2016,171,172,170.5,171.5,153.886658,3695200
11/24/2016,170.5,171,169.5,169.5,152.092102,3630300
11/25/2016,170.5,171.5,169.5,171.5,153.886658,3039900
11/28/2016,171,171.5,170,170.5,152.98938,2549800
11/29/2016,171.5,172,169,169,151.643448,5294700
11/30/2016,168.5,171.5,168.5,169.5,152.092102,4733500
12/1/2016,171,171,169.5,170,152.540726,6534900
12/2/2016,169.5,170,169,170,152.540726,3481700
12/6/2016,169,170,167.5,169,151.643448,4542300
12/7/2016,168.5,171.5,168.5,171,153.438034,6185500
12/8/2016,172,175,172,174,156.129929,10731400
12/9/2016,175.5,175.5,173.5,174,156.129929,5852500
12/13/2016,173,173.5,171.5,173,155.232635,7951400
12/14/2016,172,172.5,170,171,153.438034,5295800
12/15/2016,169.5,171,169.5,170,152.540726,7818800
12/16/2016,170.5,172.5,170,170,152.540726,3280200
12/19/2016,169,171,169,171,153.438034,7086100
12/20/2016,170.5,172,170,171,153.438034,3257600
12/21/2016,171.5,172,170.5,171,153.438034,2790200
12/22/2016,171,172,170.5,172,154.335342,2831600
12/23/2016,172.5,174,171.5,173,155.232635,4699600
12/26/2016,173.5,174.5,173.5,174,156.129929,2834100
12/27/2016,174,175.5,173.5,175,157.027237,3562700
12/28/2016,175,175.5,174,174.5,156.578583,1983700
12/29/2016,174.5,177,174,176,157.92453,5564400
12/30/2016,177,177.5,176,177.5,159.270493,6346800
1/4/2017,180,182,179.5,182,163.308319,14901000
1/5/2017,182,183.5,181.5,183.5,164.654266,9019700
1/6/2017,183,184.5,182,183,164.205612,7053100
1/9/2017,184,186,183,186,166.897522,10697200
1/10/2017,186.5,190.5,186,189,169.589417,11795200
1/11/2017,190.5,191,188.5,190.5,170.935379,7535100
1/12/2017,190.5,191,188,188.5,169.140762,7197900
1/16/2017,186.5,187.5,184,185.5,166.448868,5010300
1/17/2017,185,187,185,185,166.000214,3502500
1/18/2017,187,188,185,185,166.000214,4248500
1/19/2017,184,184,181.5,182,163.308319,6413100
1/20/2017,181.5,187.5,181,184,165.102905,6363800
1/23/2017,184.5,186,184,186,166.897522,5524800
1/24/2017,186,188.5,186,187,167.79483,4494500
1/25/2017,188,191,188,191,171.384018,7748900
1/26/2017,193,193.5,189,190,170.48671,8042800
1/27/2017,189,189.5,187,187.5,168.243484,4994600
1/30/2017,187,189,186.5,189,169.589417,1734800
1/31/2017,188.5,188.5,187,188.5,169.140762,4294400
2/1/2017,187,191.5,187,191,171.384018,7890200
2/2/2017,191.5,191.5,189,189.5,170.038071,3894600
2/3/2017,189.5,192,189,191,171.384018,4912800
2/6/2017,192,196,191.5,195.5,175.42186,9425800
2/7/2017,195,196,194.5,195.5,175.42186,5606000
2/8/2017,195,196.5,194.5,195.5,175.42186,5138700
2/9/2017,195.5,199,195.5,198.5,178.113754,7160400
2/10/2017,199.5,201,196.5,198,177.665115,12734300
2/14/2017,199.5,199.5,194,194.5,174.524567,5907300
2/15/2017,193.5,195,191,193,173.178619,6948500
2/16/2017,193,196.5,191.5,195,174.973206,5710200
2/17/2017,195.5,197.5,195.5,197.5,177.216446,2252300
2/20/2017,197.5,197.5,194,197,176.767807,2782700
2/21/2017,196.5,197,191.5,193,173.178619,7882600
2/22/2017,193,194.5,191,193,173.178619,6210800
2/23/2017,192,193,190,190.5,170.935379,7756500
2/24/2017,190.5,191,189.5,189.5,170.038071,4602000
2/27/2017,189,189.5,187.5,187.5,168.243484,5637800
2/28/2017,189,191.5,188.5,191.5,171.832657,3657200
3/1/2017,192.5,195,192,195,174.973206,4287000
3/2/2017,195.5,196.5,195,196,175.870514,5795400
3/3/2017,196,196,194,195,174.973206,2158600
3/6/2017,194,194.5,191.5,192,172.281326,3057200
3/7/2017,192,193,191,192,172.281326,2550800
3/8/2017,191,192.5,189,192,172.281326,5134000
3/9/2017,191.5,191.5,189.5,190,170.48671,4523500
3/10/2017,190,192,189,190,170.48671,4386500
3/13/2017,189.5,190,188,189,169.589417,4863200
3/14/2017,190,191.5,189.5,190,170.48671,6978500
3/15/2017,189.5,190.5,189,189.5,170.038071,2978300
3/16/2017,190.5,193.5,190,192.5,172.72998,8960900
3/17/2017,193,193.5,192,193,173.178619,4315200
3/20/2017,193.5,194.5,191.5,192,172.281326,6727900
3/21/2017,192,193,191.5,193,173.178619,3983700
3/22/2017,191,192,190.5,190.5,170.935379,4978700
3/23/2017,191.5,192.5,191,191,171.384018,3629300
3/24/2017,191,191.5,190,191,171.384018,3186600
3/27/2017,191,192,191,191,171.384018,4239300
3/28/2017,192,193.5,191,192,172.281326,5761700
3/29/2017,192.5,193,192,192.5,172.72998,4063100
3/30/2017,193,193,191,191,171.384018,6820800
3/31/2017,192,192,189,189,169.589417,7718500
4/3/2017,189.5,191,189,190.5,170.935379,2604700
4/4/2017,190.5,193,190.5,192.5,172.72998,3047500
4/5/2017,192.5,193.5,192,193.5,173.627258,3431800
4/7/2017,191,193.5,190.5,193.5,176.825653,5295300
4/10/2017,193.5,193.5,192,193.5,176.825653,1915300
4/11/2017,193.5,197,193,195.5,178.653305,6909000
4/12/2017,196,197,195,195,178.196396,3294600
4/17/2017,194.5,195,193,193.5,176.825653,1444700
4/18/2017,194,195.5,192,192.5,175.91185,3944500
4/19/2017,192,193,186,186,169.971939,8847400
4/20/2017,187,190,186,188.5,172.256516,8358900
4/21/2017,189,190,188.5,189,172.71344,4055100
4/24/2017,189,189.5,184.5,185.5,169.51503,8450100
4/25/2017,186,186.5,184,185,169.058105,9013900
4/26/2017,185.5,186,184,185,169.058105,8094900
4/27/2017,184.5,185.5,183.5,183.5,167.687378,3987000
4/28/2017,184.5,185.5,184,185,169.058105,5638200
5/2/2017,186,189,185,187,170.885773,8266500
5/3/2017,187.5,189.5,187,189,172.71344,3258600
5/4/2017,190,193,190,193,176.368744,8482600
5/8/2017,192.5,193.5,191.5,192.5,175.91185,4054400
5/9/2017,193,194,191,193,176.368744,3283500
5/11/2017,191,191,188.5,189.5,173.170364,9321000
5/12/2017,189,189.5,187,189.5,173.170364,8404600
5/15/2017,185,185,185,185,169.058105,682100
5/16/2017,185,185,182.5,182.5,166.773544,14495400
5/17/2017,182.5,186,182.5,185,169.058105,6610800
5/18/2017,184,185.5,184,185,169.058105,3131000
5/19/2017,185,188,185,187,170.885773,5711600
5/22/2017,188,191,187.5,190.5,174.084198,6895500
5/23/2017,190.5,191.5,189,191.5,174.998001,4387300
5/24/2017,191.5,191.5,189.5,190.5,174.084198,5025500
5/25/2017,192,192,190,190,173.627258,3429000
5/26/2017,190.5,191,189,190,173.627258,2852200
5/29/2017,190,191,190,190.5,174.084198,1282600
5/30/2017,190.5,191.5,190.5,190.5,174.084198,1067900
5/31/2017,190.5,191,187.5,187.5,171.342697,3642300
6/1/2017,187.5,190,187.5,190,173.627258,2540400
6/2/2017,191,191,188.5,189,172.71344,2904600
6/5/2017,189.5,190.5,189,190.5,174.084198,2879500
6/6/2017,190,190.5,188.5,189.5,173.170364,1264200
6/7/2017,189.5,190,187.5,188,171.799622,3919500
6/8/2017,188.5,189.5,187.5,188,171.799622,4881700
6/9/2017,188,190.5,187.5,189,172.71344,5435100
6/12/2017,189,190.5,189,190,173.627258,2054600
6/13/2017,191,191.5,190,191.5,174.998001,2859200
6/14/2017,191.5,192,190.5,192,175.454941,2327200
6/15/2017,190.5,191.5,189,189.5,173.170364,4188600
6/16/2017,190.5,192,189.5,192,175.454941,3690600
6/19/2017,192,192.5,191.5,192,175.454941,1967700
6/20/2017,192.5,193,192,192,175.454941,5705100
6/21/2017,192,194.5,191.5,193.5,176.825653,4759800
6/22/2017,192,194,192,192.5,175.91185,3421300
6/23/2017,192,194,192,193,176.368744,9013000
6/26/2017,193.5,195,193,194,177.282578,3293600
6/27/2017,194,195.5,193.5,195.5,178.653305,4032500
6/28/2017,195,198,194.5,198,180.937897,12145800
6/29/2017,198.5,200,198.5,199,181.851715,12428400
6/30/2017,199,199.5,197.5,198.5,181.394806,7125400
7/3/2017,198.5,199,196.5,197,180.024063,3760700
7/4/2017,198,199.5,197,199,181.851715,3829300
7/5/2017,198.5,199.5,197,199,181.851715,3086600
7/6/2017,198,199.5,197.5,198,180.937897,3773300
7/7/2017,197,197.5,195.5,196,179.110229,3201000
7/11/2017,198,199.5,197.5,199,181.851715,4483800
7/12/2017,200,205,200,203,185.507019,12267600
7/13/2017,205,207,202,203,185.507019,9353700
7/14/2017,204,204,201,202,184.593185,5220500
7/17/2017,202,203,199.5,200,182.765549,4874300
7/18/2017,201,201,197.5,197.5,180.480972,6304900
7/19/2017,198,199,197,198.5,181.394806,3273800
7/20/2017,197,197,195,195.5,178.653305,7988600
7/21/2017,196.5,198.5,195.5,197,180.024063,6327700
7/24/2017,196.5,198.5,196,198.5,181.394806,3617200
7/25/2017,199,199.5,197,197.5,180.480972,3060900
7/26/2017,198.5,199,196.5,198.5,181.394806,3566800
7/27/2017,199,199.5,196.5,197.5,180.480972,3045800
7/31/2017,197.5,198,191,192.5,175.91185,10907900
8/1/2017,190,190.5,188.5,190,173.627258,11961500
8/2/2017,190,191.5,188,190,173.627258,9452100
8/3/2017,189.5,191,188.5,188.5,172.256516,6123900
8/4/2017,189,189.5,188,188.5,172.256516,3628700
8/7/2017,188,189,186,189,172.71344,4171300
8/8/2017,190,194,189.5,193.5,176.825653,6201400
8/9/2017,192.5,193.5,191.5,193.5,176.825653,3071600
8/10/2017,193.5,194,191.5,194,177.282578,3493700
8/11/2017,193,193.5,191.5,193.5,176.825653,4516900
8/15/2017,194.5,195,192.5,192.5,175.91185,2717500
8/16/2017,192,192,189.5,191,174.541107,4253000
8/17/2017,191.5,192,190,190,173.627258,2510100
8/18/2017,189.5,191.5,189.5,191,174.541107,2133700
8/21/2017,191,192,190,191,174.541107,3685800
8/22/2017,192,195,191.5,194.5,177.739487,5843600
8/23/2017,195,197.5,194,197.5,180.480972,6481300
8/24/2017,197.5,197.5,195.5,196.5,179.567139,3316800
8/25/2017,195.5,199,195.5,197.5,180.480972,7288800
8/28/2017,198.5,201,196,200,182.765549,9541900
8/29/2017,199,204,198,203,185.507019,13568500
8/30/2017,203,205,202,205,187.334686,6183400
8/31/2017,204,205,200,201,183.679367,6887500
9/1/2017,203,206,202,204,186.420853,6548200
9/4/2017,203,204,201,204,186.420853,5511400
9/5/2017,204,204,201,202,184.593185,3815400
9/6/2017,201,202,199,201,183.679367,5800900
9/7/2017,201,205,200,205,187.334686,6594700
9/8/2017,205,212,205,208,190.076157,12334900
9/11/2017,209,215,209,213,194.645294,11466400
9/12/2017,213,214,209,211,193.271332,4853600
9/13/2017,212,214,210,211,193.271332,6593000
9/14/2017,210,218,210,218,199.683182,10455000
9/15/2017,215,216,212,214,196.019272,15422700
9/18/2017,214,217,213,214,196.019272,7900000
9/19/2017,215,216,213,216,197.851212,4142600
9/20/2017,214,216,211,213,195.103302,7198600
9/21/2017,212,213,209,210,192.355362,5757000
9/22/2017,208,210,206,206,188.691452,10403500
9/25/2017,207,209,205,209,191.439392,5492000
9/26/2017,209,211,207,208,190.523392,5516700
9/27/2017,209,211,207,209,191.439392,5769700
9/28/2017,210,210,205,206,188.691452,5618900
9/29/2017,206,209,205,207,189.607422,3643000
10/2/2017,208,210,206,208,190.523392,7166300
10/3/2017,209,210,207,207,189.607422,3361100
10/4/2017,209,209,207,207,189.607422,2427300
10/5/2017,207,209,206,208,190.523392,5124300
10/6/2017,209,210,206,207,189.607422,4090900
10/9/2017,207,208,206,207,189.607422,1102300
10/10/2017,207,213,206,212,194.187302,8645300
10/11/2017,214,217,212,217,198.767197,9635600
10/12/2017,217,218,214,216,197.851212,6346200
10/16/2017,217,217,217,217,198.767197,531100
10/17/2017,217,218,215,217,198.767197,4029700
10/18/2017,217,218,214,215,196.935242,4797800
10/19/2017,216,216,211,212,194.187302,6343700
10/20/2017,208,213,207,213,195.103302,9519200
10/24/2017,211,214,210,210,192.355362,4753300
10/25/2017,211,213,209,212,194.187302,4196400
10/27/2017,214,215,212,213,195.103302,5391900
10/30/2017,213,220,210,220,201.515121,10689500
10/31/2017,222,224,219,220,201.515121,8883500
11/1/2017,222,226,221,224,205.179047,8188100
11/2/2017,223,225,221,223,204.263062,5122200
11/3/2017,223,225,222,223,204.263062,3217800
11/6/2017,223,224,218,220,201.515121,4127400
11/7/2017,221,221,218,220,201.515121,3330900
11/8/2017,220,223,220,222,203.347076,3471000
11/9/2017,223,224,220,220,201.515121,3035600
11/10/2017,218,220,217,217,198.767197,3365200
11/13/2017,216,219,215,217,198.767197,3414400
11/14/2017,218,224,217,224,205.179047,4853400
11/15/2017,223,223,220,220,201.515121,3879500
11/16/2017,220,223,220,221,202.431107,3443400
11/17/2017,223,225,222,224,205.179047,5722000
11/20/2017,225,226,223,223,204.263062,2393800
11/21/2017,223,223,223,223,204.263062,6388300
11/22/2017,224,226,223,224,205.179047,5618000
11/23/2017,224,226,223,223,204.263062,3107100
11/24/2017,223,224,221,222,203.347076,3724400
11/27/2017,222,223,219,221,202.431107,3636800
11/28/2017,221,222,220,222,203.347076,1788600
11/29/2017,224,229,223,229,209.758942,13743300
11/30/2017,228,231,225,227,207.926987,12183700
12/1/2017,227,228,223,223,204.263062,5890500
12/4/2017,225,229,224,225,206.095001,6248300
12/6/2017,225,230,224,229,209.758942,5590300
12/7/2017,229,231,227,230,210.674911,4034300
12/8/2017,231,231,228,228,208.842972,4456400
12/12/2017,229,230,226,226,207.011002,5795500
12/13/2017,226,226,224,224,205.179047,6014200
12/14/2017,226,229,225,228,208.842972,5736300
12/15/2017,228,230,227,230,210.674911,4657300
12/18/2017,229,231,228,230,210.674911,3390300
12/19/2017,231,235,230,231,211.590897,8434100
12/20/2017,231,234,229,234,214.338821,4470600
12/21/2017,235,235,231,233,213.422852,3874400
12/22/2017,234,234,231,233,213.422852,4012800
12/25/2017,233,236,233,234,214.338821,2509900
12/26/2017,234,237,234,235,215.254807,3859800
12/27/2017,235,236,233,235,215.254807,2262900
12/28/2017,234,235,231,233,213.422852,3937200
12/29/2017,235,236,232,232,212.506866,6119200
1/3/2018,234,237,233,237,217.086746,6816400
1/4/2018,239,244,238,242,221.666641,8123000
1/5/2018,242,244,240,241,220.750656,6622100
1/8/2018,243,245,241,241,220.750656,8454800
1/9/2018,240,240,234,235,215.254807,13325700
1/10/2018,235,236,232,233,213.422852,7991200
1/11/2018,233,233,230,233,213.422852,9907000
1/12/2018,233,239,233,238,218.002747,7724600
1/15/2018,239,240,233,234,214.338821,8595500
1/16/2018,236,236,233,234,214.338821,4317500
1/17/2018,233,234,231,232,212.506866,6954100
1/18/2018,232,233,226,227,207.926987,13075500
1/19/2018,222,227,218,227,207.926987,22474900
1/22/2018,223,223,220,221,202.431107,19842300
1/23/2018,222,227,222,227,207.926987,15032300
1/24/2018,227,228,225,226,207.011002,10308600
1/25/2018,227,231,226,226,207.011002,9370400
1/26/2018,226,230,226,229,209.758942,7085900
1/29/2018,231,234,229,232,212.506866,12044800
1/30/2018,233,234,231,234,214.338821,8583900
1/31/2018,233,234,230,230,210.674911,9372000
2/1/2018,232,232,229,229,209.758942,4815100
2/2/2018,230,232,228,230,210.674911,5108700
2/5/2018,227,229,226,229,209.758942,7559000
2/6/2018,227,229,224,228,208.842972,11509600
2/7/2018,229,230,225,227,207.926987,4942200
2/8/2018,227,227,223,223,204.263062,6504100
2/9/2018,220,225,220,224,205.179047,7682000
2/12/2018,224,226,222,225,206.095001,3946500
2/13/2018,225,226,223,225,206.095001,5097100
2/14/2018,225,225,224,224,205.179047,1195700
2/15/2018,227,228,225,228,208.842972,4210500
2/16/2018,228,230,228,228,208.842972,2885600
2/19/2018,228,230,227,228,208.842972,1261800
2/20/2018,228,228,226,227,207.926987,1654600
2/21/2018,227,228,226,228,208.842972,2873200
2/22/2018,228,229,223,225,206.095001,4973100
2/23/2018,225,227,223,226,207.011002,3220500
2/26/2018,226,230,225,230,210.674911,4381400
2/27/2018,230,235,229,233,213.422852,9596500
2/28/2018,232,235,232,232,212.506866,5408400
3/2/2018,230,232,228,230,210.674911,4420400
3/5/2018,230,232,226,228,208.842972,3980500
3/6/2018,229,231,227,228,208.842972,3478200
3/7/2018,226,229,226,227,207.926987,3924200
3/8/2018,227,231,227,228,208.842972,5057100
3/9/2018,229,230,228,230,210.674911,2662500
3/12/2018,232,233,230,232,212.506866,4522500
3/13/2018,233,233,226,228,208.842972,8124000
3/14/2018,227,228,225,225,206.095001,5367000
3/15/2018,225,226,222,224,205.179047,5672200
3/16/2018,223,225,222,223,204.263062,9581100
3/19/2018,223,224,222,223,204.263062,2672500
3/20/2018,223,225,222,225,206.095001,2962200
3/21/2018,226,226,220,222,203.347076,5908400
3/22/2018,223,223,218,220,201.515121,8693100
3/23/2018,217,221,217,221,202.431107,4984100
3/26/2018,220,222,219,222,203.347076,2683600
3/27/2018,221,224,220,222,203.347076,4962500
3/28/2018,220,221,212,213,195.103302,17818600
3/29/2018,213,216,211,212,194.187302,12187900
3/30/2018,212,214,211,212,194.187302,4592400
4/2/2018,214,215,213,214,196.019272,5546400
4/3/2018,212,214,211,212,194.187302,4024700
4/4/2018,213,213,195.5,195.5,179.073685,24515700
4/5/2018,197.5,198.5,192,192,175.867752,21398400
4/9/2018,192.5,195,192.5,193,176.783722,11323000
4/10/2018,194,198.5,193.5,197,180.447632,8092900
4/11/2018,196,201,195,201,187.441727,9089500
4/12/2018,201,203,198,200,186.509186,4941000
4/17/2018,201,201,198,199.5,186.042923,4899200
4/18/2018,200,202,199,202,188.374283,5171800
4/19/2018,201,201,197,197.5,184.177826,10023000
4/20/2018,199,201,197,197.5,184.177826,10997600
4/23/2018,198,198,195.5,196.5,183.24527,7527900
4/24/2018,195.5,196.5,193.5,194.5,181.380188,10810000
4/25/2018,193.5,193.5,188.5,190,177.183716,18506400
4/26/2018,190,194.5,190,193.5,180.447632,8596600
4/27/2018,194.5,195,192.5,195,181.846466,5272500
4/30/2018,195,196,194,195.5,182.312744,3811500
5/2/2018,195.5,196,194,195.5,182.312744,5789300
5/3/2018,194.5,195,191,191,178.116272,7274000
5/4/2018,190,191,189,189,176.251175,9420900
5/7/2018,189.5,192.5,189.5,192.5,179.515091,2554400
5/8/2018,194.5,195.5,193,194.5,181.380188,7612800
5/9/2018,194.5,194.5,190,190.5,177.649994,5857200
5/10/2018,190.5,193,189.5,192,179.048813,3694500
5/11/2018,192,195,192,195,181.846466,3878700
5/14/2018,195.5,195.5,194,195,181.846466,5122900
5/15/2018,194.5,195,193.5,194,180.91391,2622600
5/16/2018,192,194,192,192.5,179.515091,3652600
5/17/2018,192,192,189,189,176.251175,5954900
5/18/2018,188,188.5,187,188.5,175.784897,6161500
5/21/2018,189,193,189,193,179.981369,5467400
5/22/2018,193.5,196,193,195,181.846466,10255500
5/23/2018,194.5,195,193.5,194.5,181.380188,4380600
5/24/2018,194,195,191,191.5,178.58255,5965900
5/25/2018,192,193,190,192,179.048813,5845900
5/28/2018,192,195.5,192,195.5,182.312744,6796900
5/30/2018,194,194.5,192,193.5,180.447632,6536000
5/31/2018,193,193.5,190,191.5,178.58255,8769300
6/1/2018,192.5,195.5,191.5,195,181.846466,5567200
6/4/2018,195,197,194.5,196.5,183.24527,12301300
6/5/2018,196.5,205,196.5,204,190.23938,17800100
6/6/2018,204,206,201,203,189.306824,7925400
6/7/2018,204,206,199.5,199.5,186.042923,8618400
6/8/2018,200,200,194.5,194.5,181.380188,15911000
6/11/2018,195,199,195,197.5,184.177826,6984500
6/12/2018,197,203,197,199.5,186.042923,8574900
6/13/2018,198.5,201,197.5,200,186.509186,6660500
6/14/2018,199,201,197,200,186.509186,11851500
6/15/2018,199,202,198,199.5,186.042923,11927200
6/18/2018,199,201,198.5,199.5,186.042923,4614600
6/19/2018,198,200,194,195,181.846466,13522400
6/20/2018,197,199.5,196,198.5,185.110367,9266600
6/21/2018,198,198,194,194,180.91391,7521600
6/22/2018,194,195.5,190.5,193,179.981369,11163800
6/25/2018,192.5,193.5,190,190,177.183716,6104000
6/26/2018,189,194,188.5,193,179.981369,6096300
6/27/2018,193,194,191,191,178.116272,7953700
6/28/2018,191.5,192.5,189,189.5,176.717438,7705800
6/29/2018,192,194,190.5,194,180.91391,7725600
7/2/2018,195,195,190,193,179.981369,6837300
7/3/2018,193.5,195,192.5,194.5,181.380188,5481700
7/4/2018,194,197.5,192,197.5,184.177826,7263100
7/5/2018,197,197.5,194,194.5,181.380188,2987500
7/6/2018,193.5,198,193,197,183.711548,7064400
7/9/2018,196.5,197.5,193,193.5,180.447632,8673100
7/10/2018,193,195.5,191,195.5,182.312744,11833300
7/11/2018,193.5,195,193,195,181.846466,3670300
7/12/2018,195,196,194,195,181.846466,3435100
7/13/2018,195.5,196,194,194.5,181.380188,1859000
7/16/2018,193,194,192.5,193.5,180.447632,2104300
7/17/2018,194,197.5,193,197.5,184.177826,7262800
7/18/2018,199,200,196.5,199.5,186.042923,8074000
7/19/2018,201,201,198.5,198.5,185.110367,5405400
7/20/2018,206,211,204,210,195.834641,25039400
7/23/2018,210,213,208,213,198.632278,8798900
7/24/2018,213,213,206,208,193.969559,8598700
7/25/2018,209,212,208,210,195.834641,3979000
7/26/2018,216,216,213,215,200.497375,7663300
7/31/2018,218,220,216,217,202.362473,8659800
8/1/2018,217,218,213,217,202.362473,8879600
8/2/2018,216,217,210,212,197.699738,11092500
8/3/2018,213,218,212,216,201.429916,8685100
8/6/2018,218,220,216,217,202.362473,6873200
8/7/2018,217,218,213,214,199.564835,9832500
8/8/2018,216,218,214,216,201.429916,9710000
8/9/2018,216,219,216,217,202.362473,6857600
8/10/2018,217,221,217,217,202.362473,6534500
8/14/2018,215,216,212,215,200.497375,5719900
8/15/2018,214,215,213,213,198.632278,3734100
8/16/2018,214,215,212,212,197.699738,6860900
8/17/2018,214,216,213,215,200.497375,4964500
8/20/2018,217,219,215,216,201.429916,5883400
8/21/2018,217,218,215,216,201.429916,4222600
8/22/2018,217,219,216,217,202.362473,2855600
8/23/2018,218,219,216,217,202.362473,2498600
8/24/2018,216,217,215,215,200.497375,1678100
8/27/2018,216,218,216,218,203.295013,2765800
8/28/2018,219,219,215,215,200.497375,3397300
8/29/2018,215,216,213,215,200.497375,5155900
8/30/2018,215,215,212,213,198.632278,3921700
8/31/2018,212,213,210,211,196.767197,8632800
9/3/2018,210,213,210,212,197.699738,2383300
9/4/2018,212,213,210,212,197.699738,2840800
9/5/2018,211,212,207,208,193.969559,6409700
9/6/2018,208,210,207,210,195.834641,6306300
9/7/2018,208,209,207,208,193.969559,3797100
9/10/2018,207,209,205,208,193.969559,2579700
9/11/2018,207,209,201,203,189.306824,5955800
9/12/2018,201,207,201,206,192.578781,5403500
9/13/2018,210,216,209,214,200.057587,11334700
9/14/2018,215,218,215,217,202.862122,5865900
9/17/2018,215,216,211,212,198.187881,4620400
9/18/2018,213,218,210,216,201.927277,10017000
9/19/2018,217,219,216,216,201.927277,6677500
9/20/2018,217,217,213,214,200.057587,4658000
9/21/2018,215,217,214,217,202.862122,4551600
9/24/2018,216,217,214,215,200.992432,3112300
9/25/2018,215,216,213,215,200.992432,2017700
9/26/2018,215,216,213,213,199.122726,3751100
9/27/2018,213,215,212,214,200.057587,5872100
9/28/2018,216,216,214,216,201.927277,5714700
10/1/2018,217,217,214,215,200.992432,5321200
10/2/2018,214,216,213,213,199.122726,3369300
10/3/2018,214,215,213,213,199.122726,2788600
10/4/2018,213,214,212,214,200.057587,4699500
10/5/2018,213,215,210,211,197.253036,4461000
10/8/2018,210,212,209,209,195.383347,6804900
10/9/2018,209,213,209,210,196.318192,4089000
10/10/2018,212,215,211,213,199.122726,6659700
10/11/2018,210,212,208,209,195.383347,7438600
10/12/2018,209,211,208,209,195.383347,5717800
10/16/2018,209,209,205,209,195.383347,6256400
10/17/2018,210,211,207,207,193.513641,5912600
10/18/2018,208,208,206,206,192.578781,3419300
10/19/2018,205,206,202,202,188.839401,9360600
10/22/2018,202,208,202,207,193.513641,4201900
10/24/2018,206,208,205,205,191.643951,5116400
10/25/2018,204,209,203,209,195.383347,5376900
10/26/2018,208,209,205,206,192.578781,3876200
10/29/2018,204,205,197.5,199.5,186.502289,14074600
10/30/2018,199.5,200,196,196.5,183.697723,11013600
10/31/2018,197.5,199.5,196.5,199.5,186.502289,10875500
11/1/2018,201,203,199.5,203,189.774246,8080400
11/2/2018,205,207,203,204,190.709091,9207900
11/5/2018,201,202,199,201,187.904541,4879200
11/6/2018,201,204,201,204,190.709091,3507700
11/7/2018,205,206,203,206,192.578781,4359500
11/8/2018,208,210,205,206,192.578781,5025200
11/9/2018,206,207,205,207,193.513641,2758400
11/12/2018,206,207,201,201,187.904541,4603800
11/13/2018,201,203,200,202,188.839401,4830600
11/14/2018,200,201,199,200,186.969711,5879500
11/15/2018,200,201,198.5,199,186.034851,4845500
11/16/2018,199,199,197,198.5,185.567429,5791900
11/19/2018,198,198,196,196.5,183.697723,5361600
11/20/2018,195.5,195.5,190.5,192,179.490906,13199100
11/21/2018,191,194.5,190.5,193.5,180.893188,10597400
11/22/2018,193.5,195,190.5,190.5,178.088638,8065100
11/23/2018,191.5,193.5,190,192.5,179.958344,8702000
11/26/2018,193,194,192.5,193.5,180.893188,9096300
11/27/2018,194,195,193.5,195,182.295471,8823200
11/28/2018,195,195.5,191.5,191.5,179.023483,9012700
11/29/2018,193,193,191.5,192,179.490906,5933500
11/30/2018,192.5,193.5,190.5,193.5,180.893188,11489500
12/3/2018,197,198,196.5,196.5,183.697723,13327200
12/4/2018,197,199,197,198,185.100006,6433200
12/6/2018,195.5,196,193,193.5,180.893188,7728100
12/7/2018,193.5,193.5,191.5,192.5,179.958344,8177300
12/11/2018,191.5,192,190,191,178.556061,8414900
12/12/2018,192,192.5,189.5,190,177.621201,8741600
12/13/2018,192,192,188,188,175.751511,9567300
12/14/2018,187.5,189,183.5,185,172.94696,11948700
12/17/2018,185,186.5,183,185,172.94696,5590900
12/18/2018,183.5,186.5,183,185,172.94696,8608600
12/19/2018,185,189,185,188.5,176.218933,11635000
12/20/2018,187.5,188,184.5,188,175.751511,7677300
12/21/2018,187,188,185,188,175.751511,8034200
12/24/2018,186.5,188,185.5,185.5,173.414383,3663000
12/25/2018,184,184.5,182,182.5,170.609833,4398700
12/26/2018,182.5,183.5,182.5,183,171.077255,3227700
12/27/2018,187.5,188,182.5,182.5,170.609833,7559600
12/28/2018,183,185,183,185,172.94696,4599100
1/2/2019,185,186,184,185,172.94696,4410900
1/3/2019,186.5,187,185,186,173.881821,4601300
1/4/2019,185.5,186,183.5,186,173.881821,8782100
1/7/2019,186,188,185.5,188,175.751511,7171800
1/8/2019,187.5,188,186,186.5,174.349243,4042100
1/9/2019,187,188,186,186,173.881821,6533600
1/10/2019,186.5,187,178.5,180,168.27272,16518900
1/11/2019,181.5,182.5,180.5,181.5,169.675003,6511700
1/14/2019,181.5,182,180.5,181,169.207581,3899700
1/15/2019,181.5,183,181,182,170.142426,3848600
1/16/2019,182.5,183,181,183,171.077255,4437100
1/17/2019,183,185.5,182.5,184.5,172.479538,10669700
1/18/2019,186,186.5,181.5,183,171.077255,18590800
1/21/2019,185,189,184,187.5,175.284073,16664800
1/22/2019,187,189,185.5,189,176.686356,9195900
1/23/2019,189.5,191.5,188.5,190.5,178.088638,20618000
1/24/2019,191.5,192.5,188.5,192.5,179.958344,12477000
1/25/2019,193.5,194.5,193,193.5,180.893188,8792500
1/28/2019,194,194,192,193,180.425766,5996600
1/29/2019,192.5,193.5,192,193.5,180.893188,4100600
1/30/2019,193,193,191.5,193,180.425766,7899500
1/31/2019,195,200,194.5,200,186.969711,17962300
2/1/2019,201,202,199,201,187.904541,10444000
2/4/2019,201,203,200,202,188.839401,4538700
2/5/2019,201,202,199,200,186.969711,3108900
2/6/2019,201,203,200,202,188.839401,6395000
2/7/2019,203,205,201,202,188.839401,10318100
2/8/2019,199,201,197.5,199,186.034851,13085800
2/11/2019,197.5,198,195.5,196,183.230316,12830300
2/12/2019,196.5,198.5,196,197,184.165146,4032500
2/13/2019,198.5,198.5,196.5,197,184.165146,4482300
2/14/2019,197.5,197.5,196,197,184.165146,3785500
2/15/2019,196,196.5,194,195.5,182.762894,4837400
2/18/2019,196.5,197.5,196,197,184.165146,2541400
2/20/2019,197.5,198,193.5,194.5,181.828033,6221900
2/21/2019,195,196,195,196,183.230316,3644500
2/22/2019,195,195.5,193.5,195,182.295471,6644900
2/25/2019,196,199.5,195.5,198,185.100006,8532300
2/26/2019,197.5,201,197.5,199,186.034851,6770200
2/27/2019,200,200,198,199,186.034851,5587200
2/28/2019,199.5,199.5,197,197.5,184.632584,4045100
3/1/2019,197,197.5,195.5,196.5,183.697723,4184900
3/4/2019,195,196,194,194.5,181.828033,4393900
3/5/2019,194,195,193,193.5,180.893188,5501100
3/6/2019,193,193,189.5,189.5,177.153778,8990700
3/7/2019,189.5,192,189,192,179.490906,6236200
3/8/2019,192.5,194,192,193,180.425766,6841000
3/11/2019,193.5,194,192.5,192.5,179.958344,2688600
3/12/2019,192.5,193.5,192,193,180.425766,2714800
3/13/2019,193,193,191,192.5,179.958344,4166400
3/14/2019,192.5,193,191.5,192.5,179.958344,2938600
3/15/2019,192,192.5,189,189,176.686356,9215500
3/18/2019,189.5,190,188.5,189,176.686356,3874100
3/19/2019,189.5,191.5,189,191,178.556061,7306000
3/20/2019,191,192.5,191,191.5,179.023483,3086500
3/21/2019,192.5,193,191.5,191.5,179.023483,3705100
3/22/2019,191.5,193,191.5,193,180.425766,7046400
3/25/2019,191.5,192,189.5,190.5,178.088638,6222900
3/26/2019,191,193,190.5,192.5,179.958344,4428400
3/27/2019,192.5,193.5,192,192,179.490906,4115100
3/28/2019,191,191.5,186.5,188,175.751511,16697100
3/29/2019,188.5,189,187.5,187.5,175.284073,6734400
4/1/2019,188.5,189,186.5,186.5,174.349243,6820500
4/2/2019,187.5,189,187,189,176.686356,4828500
4/3/2019,189.5,190,188,189.5,177.153778,3698000
4/4/2019,190,190.5,189,189,176.686356,3020300
4/5/2019,190,191,189.5,190,177.621201,3251300
4/9/2019,191.5,193,191,193,180.425766,6297400
4/10/2019,193,193.5,192.5,193,180.425766,3677600
4/11/2019,190.5,191,189.5,190.5,181.377869,5236900
4/12/2019,190,191,190,191,181.853928,2751100
4/17/2019,191,191.5,190.5,191.5,182.329987,6107500
4/18/2019,191.5,193,190.5,193,183.758163,5582200
4/19/2019,193,193,190,190,180.90181,6268200
4/22/2019,190,191,190,190.5,181.377869,2616700
4/23/2019,190.5,191.5,190,191.5,182.329987,2797600
4/24/2019,192,193,191,193,183.758163,6896900
4/25/2019,192.5,193.5,192.5,193,183.758163,3603400
4/26/2019,193.5,193.5,190.5,190.5,181.377869,4723300
4/29/2019,190,190.5,188.5,190,180.90181,5322800
4/30/2019,189.5,191.5,189.5,191,181.853928,3182000
5/2/2019,191.5,193,191.5,192.5,183.282104,4274300
5/3/2019,192,193,191.5,192.5,183.282104,3222200
5/7/2019,191,191.5,190,190.5,181.377869,5006100
5/8/2019,190,190,188,188.5,179.473633,5981900
5/9/2019,188,188.5,187.5,187.5,178.521515,5083100
5/10/2019,188,188.5,186,187,178.045456,5096400
5/13/2019,187,188,186.5,187,178.045456,3232700
5/14/2019,187,188,186,187.5,178.521515,5220500
5/15/2019,188,189.5,187.5,187.5,178.521515,5280400
5/16/2019,188,189,186.5,186.5,177.569412,6148600
5/17/2019,187,188,186,186,177.093353,4307500
5/21/2019,187,188,186.5,188,178.997574,5082100
5/22/2019,188,189.5,188,189,179.949692,4520100
5/23/2019,188.5,190.5,187.5,187.5,178.521515,5958400
5/24/2019,188,190,188,189,179.949692,4091200
5/27/2019,189.5,190,189,189.5,180.425751,3790800
5/28/2019,190,190.5,186.5,186.5,177.569412,23047600
5/29/2019,187,188,182.5,183.5,174.713058,8172300
5/30/2019,183.5,186.5,183.5,184.5,175.665176,4707400
5/31/2019,184.5,186.5,184,186.5,177.569412,6210300
6/4/2019,187,190,186.5,190,180.90181,7178600
6/5/2019,191,193,191,192.5,183.282104,10636100
6/6/2019,192.5,193,191.5,192.5,183.282104,3636800
6/7/2019,192.5,192.5,191,191,181.853928,1982800
6/10/2019,191.5,192.5,191,192,182.806046,4016800
6/11/2019,192.5,193.5,191.5,193,183.758163,4307500
6/12/2019,193,193.5,192.5,193.5,184.234222,3065600
6/13/2019,193.5,194,192.5,193.5,184.234222,3283600
6/14/2019,194,194,192.5,193.5,184.234222,3063800
6/17/2019,193,193.5,191,191.5,182.329987,4333200
6/18/2019,191,192,187.5,190,180.90181,13675900
6/19/2019,191.5,193,191,192.5,183.282104,7222300
6/20/2019,193,194,192.5,193.5,184.234222,4594800
6/21/2019,193.5,193.5,191,192,182.806046,7131400
6/24/2019,192.5,192.5,189.5,190.5,181.377869,6138400
6/25/2019,190,192.5,189.5,191,181.853928,5800800
6/26/2019,189.5,190,188.5,188.5,179.473633,12345500
6/27/2019,189,189.5,188,188.5,179.473633,6302200
6/28/2019,188,189,188,188,178.997574,5288500
7/1/2019,189.5,191,188.5,188.5,179.473633,6817000
7/2/2019,188.5,189.5,188,188.5,179.473633,3797000
7/3/2019,188.5,189.5,188,189,179.949692,3524300
7/4/2019,189,190,187,187,178.045456,7623900
7/5/2019,187,188,187,187.5,178.521515,2385300
7/8/2019,187,188,186,187,178.045456,4352000
7/9/2019,186.5,187.5,186.5,186.5,177.569412,3169900
7/10/2019,187,189,187,188.5,179.473633,5012600
7/11/2019,189.5,190,187.5,187.5,178.521515,6218900
7/12/2019,188.5,189,187.5,188,178.997574,7905400
7/15/2019,187.5,188,185,185.5,176.617294,8036500
7/17/2019,184.5,185,183.5,183.5,174.713058,6457300
7/18/2019,183,183.5,180,180,171.380661,13115100
7/19/2019,181.5,183,180,180,171.380661,11335800
7/22/2019,180,180.5,178.5,179,170.428543,8070500
7/23/2019,178.5,179.5,177,177,168.524323,12349700
7/24/2019,178,178.5,177.5,178.5,169.952484,4556700
7/25/2019,178.5,179,177,177,168.524323,4639200
7/26/2019,177,177,174,174.5,166.144028,11245200
7/30/2019,175,175.5,172,172,163.763748,7282300
7/31/2019,172,173.5,172,172.5,164.239807,5191900
8/1/2019,172,173,172,173,164.715851,5193400
8/2/2019,172.5,176,172.5,176,167.572205,9460800
8/5/2019,175,175.5,172.5,172.5,164.239807,7810200
8/6/2019,172,175,170.5,173.5,165.19191,8382500
8/7/2019,173.5,174.5,166,167.5,159.479233,21156200
8/8/2019,168,168,164.5,165.5,157.574997,14988200
8/9/2019,165.5,167.5,165,165.5,157.574997,13768900
8/13/2019,165,166.5,163.5,164,156.14682,10215200
8/14/2019,165.5,166,155,155,147.577789,26843600
8/15/2019,155,157.5,154,155,147.577789,22646600
8/16/2019,156,158.5,156,157.5,149.958084,15120800
8/19/2019,159,161.5,158.5,161,153.290482,13202900
8/20/2019,162,162.5,157.5,158,150.434143,8219500
8/21/2019,159,159.5,155,155.5,148.053848,13168000
8/22/2019,156,157,154.5,156,148.529907,10722200
8/23/2019,157,159.5,156.5,159.5,151.862305,6367200
8/26/2019,156.5,157.5,155.5,157,149.482025,5558700
8/27/2019,156.5,157,152.5,154,146.625671,11360100
8/28/2019,155,157,155,155.5,148.053848,5487200
8/29/2019,156,158,156,158,150.434143,3832400
8/30/2019,160,161,159,160,152.338364,8329400
9/2/2019,160.5,161,159.5,160,152.338364,4056900
9/3/2019,159.5,160,155.5,156.5,149.005966,6497000
9/4/2019,156,158,155,156,148.529907,8260900
9/5/2019,157.5,159.5,157,159,151.386246,6095900
9/6/2019,160.5,162,158.5,158.5,150.910187,5634400
9/9/2019,159,160.5,158.5,160.5,152.814423,4737000
9/10/2019,162,165.5,161,165.5,157.574997,14919600
9/11/2019,167,169,166.5,169,161.395004,12040900
9/12/2019,173,174.5,169.5,169.5,161.872498,13722000
9/13/2019,170,170.5,165,165.5,158.05249,14024300
9/16/2019,165,165,160.5,163,155.664993,9784200
9/17/2019,161.5,162,160,160.5,153.277496,13487900
9/18/2019,161.5,164.5,161,164,156.619995,10788100
9/19/2019,165,166,163,165,157.574997,6707900
9/20/2019,165,166,162,165,157.574997,11808000
9/23/2019,164,164.5,162.5,162.5,155.1875,4578500
9/24/2019,161,164,159.5,162,154.709991,6574000
9/25/2019,160.5,162,160,161.5,154.232498,6229400
9/26/2019,162,162,158.5,159.5,152.322495,8258700
9/27/2019,160,161,158.5,161,153.755005,6585800
9/30/2019,160.5,160.5,156.5,156.5,149.457504,9584800
10/1/2019,157,158,155.5,157,149.934998,7239800
10/2/2019,155.5,156,152,152,145.160004,14744600
10/3/2019,150.5,152.5,150,150.5,143.727493,13402700
10/4/2019,150.5,151,148.5,148.5,141.817505,8696000
10/7/2019,149.5,152,149,151.5,144.682495,5319800
10/8/2019,153,153.5,150.5,150.5,143.727493,4081900
10/9/2019,149.5,150.5,148.5,149.5,142.772491,7456700
10/10/2019,149,149.5,147,148,141.339996,5194700
10/11/2019,148.5,148.5,146.5,147.5,140.862503,6035500
10/15/2019,148.5,151.5,148,151,144.205002,9608000
10/16/2019,152,154.5,152,153.5,146.592499,8720100
10/17/2019,154,156,154,156,148.979996,8267000
10/18/2019,156,156.5,151.5,153,146.11499,7757300
10/21/2019,153,153.5,148.5,150,143.25,9245800
10/22/2019,150,150,148,149,142.294998,5356700
10/24/2019,143.5,145.5,136,138,131.789993,32903200
10/25/2019,138,140,135.5,136.5,130.357498,21582200
10/28/2019,136.5,137,134.5,136,129.880005,10427700
10/29/2019,136,136,130.5,131,125.104996,21510100
10/30/2019,132,137,131.5,136,129.880005,26934300
10/31/2019,136.5,142,136.5,139,132.744995,23434800
11/1/2019,139,140.5,138.5,139,132.744995,7991400
11/4/2019,141,144,140.5,142.5,136.087494,12973300
11/5/2019,145.5,146,144,146,139.429993,16157600
11/6/2019,147,151.5,145.5,148,141.339996,29218100
11/7/2019,149.5,151,147.5,151,144.205002,12432200
11/8/2019,153,153,150.5,152.5,145.637497,9304200
11/11/2019,151,151.5,148,148,141.339996,10834500
11/12/2019,148.5,152,148.5,151.5,144.682495,8727100
11/13/2019,150.5,151.5,149,149.5,142.772491,6865500
11/14/2019,149.5,150,148,149,142.294998,9522900
11/15/2019,150.5,151.5,149,149,142.294998,6685200
11/18/2019,149.5,149.5,145.5,146.5,139.907501,9171000
11/19/2019,146,149,144.5,149,142.294998,8432000
11/20/2019,147.5,150,147,147,140.384995,7116800
11/21/2019,146.5,149.5,145.5,149.5,142.772491,6953400
11/22/2019,149.5,154,149,153,146.11499,10956300
11/25/2019,154.5,157.5,154,156,148.979996,17123300
11/26/2019,155.5,156.5,154,155.5,148.502502,14775800
11/27/2019,155,156,154.5,155.5,148.502502,5923900
11/28/2019,156,158,155,157.5,150.412491,6758800
11/29/2019,156.5,157,153,155,148.024994,9369800
12/2/2019,155.5,155.5,150,151.5,144.682495,9919900
12/3/2019,151.5,153,151,152,145.160004,4374000
12/4/2019,150.5,151,146,147,140.384995,14314700
12/6/2019,147,149,144.5,147,140.384995,14762600
12/9/2019,148,148.5,145.5,148,141.339996,4725000
12/11/2019,146.5,146.5,142,142,135.610001,16502900
12/12/2019,143,143.5,139.5,140,133.699997,16833700
12/13/2019,143.5,146.5,143,145.5,138.952499,18335700
12/16/2019,145.5,145.5,142.5,142.5,136.087494,4373000
12/17/2019,143.5,147,142,145.5,138.952499,7708200
12/18/2019,146,148.5,146,148.5,141.817505,8679000
12/19/2019,148,149.5,146,148.5,141.817505,8037700
12/20/2019,148.5,149.5,147.5,149.5,142.772491,7820900
12/23/2019,149.5,151,149,149.5,142.772491,4531100
12/24/2019,150,150.5,148,148,141.339996,7222400
12/25/2019,147.5,151,147,151,144.205002,4195900
12/26/2019,151,151.5,149.5,150,143.25,4141800
12/27/2019,151,151.5,149,150,143.25,5252500
12/30/2019,150,152,150,151,144.205002,4281100
